{
  "groups": [
    {
      "group": "Λαχανικά",
      "items": [
        { "value": "Πατάτες" },
        { "value": "Ντομάτες" },
        { "value": "Λάχανα" },
        { "value": "Κρεμμύδια" },
        { "value": "Καρότα" },
        { "value": "Αγγούρια" },
        { "value": "Πιπεριές" },
        { "value": "Μελιτζάνες" },
        { "value": "Κολοκύθια" },
        { "value": "Μπρόκολο" },
        { "value": "Κουνουπίδι" },
        { "value": "Σκόρδα" }
      ]
    },
    {
      "group": "Φρούτα",
      "items": [
        { "value": "Μήλα" },
        { "value": "Πορτοκάλια" },
        { "value": "Μανταρίνια" },
        { "value": "Λεμόνια" },
        { "value": "Ακτινίδια" },
        { "value": "Ροδάκινα" },
        { "value": "Νεκταρίνια" },
        { "value": "Σταφύλια" },
        { "value": "Κεράσια" },
        { "value": "Αχλάδια" },
        { "value": "Ρόδια" }
      ]
    },
    {
      "group": "Δημητριακά",
      "items": [
        { "value": "Σιτάρι σκληρό" },
        { "value": "Σιτάρι μαλακό" },
        { "value": "Κριθάρι" },
        { "value": "Καλαμπόκι" },
        { "value": "Ρύζι" }
      ]
    },
    {
      "group": "Όσπρια",
      "items": [
        { "value": "Φασόλια" },
        { "value": "Φακές" },
        { "value": "Ρεβύθια" },
        { "value": "Κουκιά" }
      ]
    },
    {
      "group": "Ελαιούχα & Ξηροί Καρποί",
      "items": [
        { "value": "Ελιές" },
        { "value": "Ελαιόλαδο" },
        { "value": "Αμύγδαλα" },
        { "value": "Καρύδια" },
        { "value": "Φιστίκια" }
      ]
    },
    {
      "group": "Αρωματικά & Λοιπά",
      "items": [
        { "value": "Ρίγανη" },
        { "value": "Θυμάρι" },
        { "value": "Βασιλικός" },
        { "value": "Μαϊντανός" },
        { "value": "Μέλι" }
      ]
    }
  ]
}
