{
  "regions": [
    { "value": "Θράκη", "label": "Θράκη" },
    { "value": "Μακεδονία", "label": "Μακεδονία" },
    { "value": "Ήπειρος", "label": "Ήπειρος" },
    { "value": "Θεσσαλία", "label": "Θεσσαλία" },
    { "value": "Στερεά Ελλάδα", "label": "Στερεά Ελλάδα" },
    { "value": "Πελοπόννησος", "label": "Πελοπόννησος" },
    { "value": "Ιόνια Νησιά", "label": "Ιόνια Νησιά" },
    { "value": "Νησιά Αιγαίου", "label": "Νησιά Αιγαίου" },
    { "value": "Κρήτη", "label": "Κρήτη" }
  ]
}